"1543";"http://p1.full.pantogor-new.com/"
"1544";"http://full.pantogor-new.com/"
"1546";"http://bc.full.pantogor-new.com/"
"1547";"http://full.pantogor-new.com/iframer2/"
"1548";"http://p.full.pantogor-new.com/"
"1549";"http://b1.full.pantogor-new.com/"
"1550";"http://b.full.pantogor-new.com/"
"1552";"http://p2.full.pantogor-new.com/"
"1553";"http://n.full.pantogor-new.com/"
"4267";"http://c.full.pantogor-new.com/"
"5939";"http://d.full.pantogor-new.com/"
"6036";"http://e.full.pantogor-new.com/"
"6043";"http://f.full.pantogor-new.com/"
"6387";"http://p3.full.pantogor-new.com/"
"19848";"http://g.full.pantogor-new.com/"
"19865";"http://h.full.pantogor-new.com/"
"19871";"http://a.full.pantogor-new.com"
"19873";"http://r.full.pantogor-new.com/"
"19876";"http://i.full.pantogor-new.com/"
"2758";"http://receptgor-new.com/iframer/"
"2759";"http://m.receptgor-new.com/"
"2760";"http://a.receptgor-new.com/"
"2761";"http://b.receptgor-new.com/"
"2762";"http://receptgor-new.com/"
"2763";"http://tm.receptgor-new.com/"
"2764";"http://receptgor-new.com/iframer2/"
"3488";"http://low2.predstanoll-new.com/iframer2/"
"3489";"http://low2.predstanoll-new.com/"
"3490";"http://c.low2.predstanoll-new.com/"
"3491";"http://d.low2.predstanoll-new.com/"
"3492";"http://a.low2.predstanoll-new.com/"
"3493";"http://low2.predstanoll-new.com/iframer/"
"3494";"http://b.low2.predstanoll-new.com/"
"3874";"http://low.alkotoxic-new.com/"
"3875";"http://stm.low.alkotoxic-new.com/"
"3876";"http://wstm.low.alkotoxic-new.com/"
"3877";"http://s.low.alkotoxic-new.com/"
"5752";"http://a.low.alkotoxic-new.com/"
"5771";"http://b.low.alkotoxic-new.com/"
"4240";"http://low.skinmatrix-new.com/"
"4243";"http://mt.low.skinmatrix-new.com/"
"4269";"http://a.low.skinmatrix-new.com/"
"4286";"http://b.low.skinmatrix-new.com/"
"4799";"http://low.verminexx-new.com/"
"4800";"http://a.low.verminexx-new.com/"
"4801";"http://b.low.verminexx-new.com/"
"4802";"http://c.low.verminexx-new.com/"
"4804";"http://n.low.verminexx-new.com/"
"4805";"http://nb.low.verminexx-new.com/"
"4806";"http://low.verminexx-new.com/iframer/"
"4807";"http://low.verminexx-new.com/iframer2/"
"17786";"http://d.low.verminexx-new.com/"
"17828";"http://e.low.verminexx-new.com/"
"17859";"http://s.low.verminexx-new.com/"
"17915";"http://f.low.verminexx-new.com/"
"17938";"http://r.low.verminexx-new.com/"
"5346";"http://j.free.gipertonium-new.com/"
"5347";"http://m.free.gipertonium-new.com/"
"5348";"http://b.free.gipertonium-new.com/"
"5349";"http://c.free.gipertonium-new.com/"
"5415";"http://d.free.gipertonium-new.com/"
"5641";"http://e.free.gipertonium-new.com/"
"7738";"http://g.free.gipertonium-new.com/"
"5621";"http://zero.gelmifort.pro/"
"5622";"http://zero.gelmifort.pro/iframer/"
"5623";"http://zero.gelmifort.pro/iframer2/"
"5902";"http://a.zero.gelmifort.pro/"
"5904";"http://b.zero.gelmifort.pro/"
"6531";"http://c.zero.gelmifort.pro/"
"6532";"http://d.zero.gelmifort.pro/"
"6533";"http://e.zero.gelmifort.pro/"
"7211";"http://free.biotrin-new.com/"
"8103";"http://a.free.biotrin-new.com/"
"8301";"http://b.free.biotrin-new.com/"
"8687";"http://p.free.biotrin-new.com/"
"9237";"http://c.free.biotrin-new.com/"
"9513";"http://d.free.biotrin-new.com/"
"9514";"http://e.free.biotrin-new.com/"
"9708";"http://f.free.biotrin-new.com/"
"9712";"http://g.free.biotrin-new.com/"
"9743";"http://p2.free.biotrin-new.com/"
"10004";"http://p3.free.biotrin-new.com/"
"10247";"http://pr.free.biotrin-new.com/"
"10648";"http://m.free.biotrin-new.com/"
"10745";"http://s.free.biotrin-new.com/"
"10746";"http://ds.free.biotrin-new.com/"
"10792";"http://h.free.biotrin-new.com/"
"10825";"http://i.free.biotrin-new.com/"
"10826";"http://k.free.biotrin-new.com/"
"11128";"http://l.free.biotrin-new.com/"
"11129";"http://n.free.biotrin-new.com/"
"11216";"http://q.free.biotrin-new.com/"
"11733";"http://r.free.biotrin-new.com/"
"11847";"http://c2.free.biotrin-new.com/"
"12303";"http://o.free.biotrin-new.com/"
"12975";"http://gul.free.biotrin-new.com/"
"14825";"http://z.free.biotrin-new.com/"
"15074";"http://d.free.biotrin-new.com"
"15075";"http://v.free.biotrin-new.com/"
"15131";"http://u.free.biotrin-new.com/"
"16660";"http://free.biotrin-new.com/"
"17609";"http://a2.free.biotrin-new.com/"
"7408";"http://eu.snap-on-smiles.com/"
"9080";"http://a.eu.snap-on-smiles.com/"
"15229";"http://b.eu.snap-on-smiles.com/"
"19052";"http://c.eu.snap-on-smiles.com/"
"7332";"http://lp.adenofrin-new.com/"
"7474";"http://a.lp.adenofrin-new.com/"
"8567";"http://agromax-new.com/"
"8568";"http://agromax-new.com/iframer/"
"8569";"http://agromax-new.com/iframer2/"
"12228";"http://a.agromax-new.com/"
"12417";"http://b.agromax-new.com/"
"12418";"http://c.agromax-new.com/"
"12570";"http://d.agromax-new.com/"
"12571";"http://e.agromax-new.com/"
"16534";"http://f.agromax-new.com"
"19908";"http://g.agromax-new.com/"
"8679";"http://low.cis.homeberry-new.com/"
"13097";"http://a.low.cis.homeberry-new.com/"
"16796";"http://b.low.cis.homeberry-new.com/"
"9037";"http://helminas.com/"
"9040";"http://a.helminas.com/"
"9507";"http://fortamin-new.com/"
"9510";"http://m.fortamin-new.com/"
"9843";"http://free.alkotoxic-new.com/"
"18938";"http://free.alkotoxic-new.com/iframer"
"9946";"http://free.micelix-new.com/"
"9947";"http://free.micelix-new.com/iframer/"
"9948";"http://free.micelix-new.com/iframer2/"
"9998";"http://a.free.micelix-new.com/"
"10261";"http://b.free.micelix-new.com/"
"10449";"http://c.free.micelix-new.com/"
"10710";"http://m.free.micelix-new.com/"
"11217";"http://d.free.micelix-new.com/"
"11697";"http://g.free.micelix-new.com/"
"11823";"http://n.free.micelix-new.com/"
"12129";"http://l.free.micelix-new.com/"
"9957";"http://free.adapalex-new.com/"
"9959";"http://free.adapalex-new.com/iframer/"
"9960";"http://free.adapalex-new.com/iframer2/"
"10577";"http://a.free.adapalex-new.com/"
"10790";"http://m.free.adapalex-new.com/"
"11722";"http://b.free.adapalex-new.com/"
"12572";"http://c.free.adapalex-new.com/"
"12573";"http://m2.free.adapalex-new.com/"
"12774";"http://d.free.adapalex-new.com/"
"14065";"http://free.adapalex-new.com/iframer3/"
"10562";"http://free.optitrin-new.com/"
"10563";"http://m.free.optitrin-new.com/"
"10574";"http://a.free.optitrin-new.com/"
"10984";"http://b.free.optitrin-new.com/"
"11091";"http://c.free.optitrin-new.com/"
"11092";"http://d.free.optitrin-new.com/"
"11218";"http://e.free.optitrin-new.com/"
"13273";"http://f.free.optitrin-new.com/"
"13954";"http://h.free.optitrin-new.com/"
"10938";"http://free.stopweight-new.com/"
"10941";"http://a.free.stopweight-new.com/"
"11962";"http://b.free.stopweight-new.com/"
"11076";"http://free.neomax-new.com/"
"11079";"http://m.free.neomax-new.com/"
"11259";"http://a.free.neomax-new.com/"
"11652";"http://b.free.neomax-new.com/"
"12088";"http://d.free.neomax-new.com/"
"12842";"http://e.free.neomax-new.com/"
"13628";"http://f.free.neomax-new.com/"
"15280";"http://g.free.neomax-new.com/"
"11048";"http://dia.free.micelix-new.com/"
"11052";"http://dia.free.micelix-new.com/iframer/"
"11053";"http://dia.free.micelix-new.com/iframer2/"
"13590";"http://a.dia.free.micelix-new.com/"
"11057";"http://psori.free.micelix-new.com/"
"11058";"http://psori.free.micelix-new.com/iframer/"
"11059";"http://psori.free.micelix-new.com/iframer2/"
"13042";"http://a.psori.free.micelix-new.com/"
"11557";"http://gopotent-new.com/"
"11563";"http://a.gopotent-new.com/"
"13444";"http://b.gopotent-new.com/"
"18971";"http://c.gopotent-new.com/"
"18972";"http://e.gopotent-new.com/"
"19247";"http://d.gopotent-new.com/"
"19289";"http://g.gopotent-new.com/"
"11420";"http://varicosin-new.com/"
"11421";"http://varicosin-new.com/iframer/"
"11422";"http://varicosin-new.com/iframer2/"
"11423";"http://a.varicosin-new.com/"
"11424";"http://b.varicosin-new.com/"
"15509";"http://c.varicosin-new.com/"
"17640";"http://d.varicosin-new.com/"
"19082";"http://e.varicosin-new.com/"
"19279";"http://f.varicosin-new.com/"
"19280";"http://g.varicosin-new.com/"
"11842";"http://hondrostronng-new.com/"
"11843";"http://a.hondrostronng-new.com/"
"11844";"http://b.hondrostronng-new.com/"
"11845";"http://hondrostronng-new.com/iframer/"
"11846";"http://hondrostronng-new.com/iframer2/"
"15923";"http://c.hondrostronng-new.com/"
"16520";"http://d.hondrostronng-new.com/"
"17660";"http://e.hondrostronng-new.com/"
"17662";"http://j.hondrostronng-new.com/"
"17665";"http://f.hondrostronng-new.com/"
"17666";"http://g.hondrostronng-new.com/"
"17679";"http://k.hondrostronng-new.com/"
"17682";"http://l.hondrostronng-new.com/"
"18542";"http://n.hondrostronng-new.com/"
"19002";"http://h.hondrostronng-new.com/"
"19003";"http://i.hondrostronng-new.com/"
"19241";"http://m.hondrostronng-new.com/"
"12016";"http://artriblock-new.com/"
"12017";"http://artriblock-new.com/iframer/"
"12018";"http://artriblock-new.com/iframer2/"
"12019";"http://a.artriblock-new.com/"
"12171";"http://alconol-new.com/"
"12172";"http://alconol-new.com/iframer/"
"12173";"http://alconol-new.com/iframer2/"
"12174";"http://a.alconol-new.com/"
"12175";"http://b.alconol-new.com/"
"12266";"http://omnipotent-new.com/"
"12267";"http://omnipotent-new.com/iframer/"
"12268";"http://omnipotent-new.com/iframer2/"
"17614";"http://a.omnipotent-new.com/"
"12269";"http://varcolex-new.com/"
"12270";"http://varcolex-new.com/iframer/"
"12271";"http://varcolex-new.com/iframer2/"
"12324";"http://kanabialis-new.com/"
"12325";"http://kanabialis-new.com/iframer/"
"12326";"http://kanabialis-new.com/iframer2/"
"12327";"http://a.kanabialis-new.com/"
"13467";"http://b.kanabialis-new.com/"
"12402";"http://hypertea-new.com/"
"12403";"http://hypertea-new.com/iframer/"
"12404";"http://hypertea-new.com/iframer2/"
"12405";"http://a.hypertea-new.com/"
"12766";"http://b.hypertea-new.com/"
"16567";"http://c.hypertea-new.com/"
"12450";"http://zenza-new.com/"
"12451";"http://zenza-new.com/iframer/"
"12452";"http://zenza-new.com/iframer2/"
"12453";"http://a.zenza-new.com/"
"12454";"http://b.zenza-new.com/"
"12724";"http://c.zenza-new.com/"
"12725";"http://d.zenza-new.com"
"17435";"http://e.zenza-new.com/"
"17809";"http://f.zenza-new.com/"
"12553";"http://low.kremnevesty-new.com/"
"12554";"http://a.low.kremnevesty-new.com/"
"12555";"http://low.kremnevesty-new.com/iframer/"
"12556";"http://low.kremnevesty-new.com/iframer2/"
"12596";"http://low.sustavitin.org/"
"12597";"http://low.sustavitin.org/iframer/"
"12598";"http://low.sustavitin.org/iframer2/"
"13233";"http://a.low.sustavitin.org/"
"12611";"http://cream.everlift-new.com/"
"12612";"http://a.cream.everlift-new.com/"
"16298";"http://b.cream.everlift-new.com/"
"16300";"http://c.cream.everlift-new.com/"
"17496";"http://d.cream.everlift-new.com/"
"12721";"http://low.sinergel-new.com/"
"12722";"http://m.low.sinergel-new.com/"
"12780";"http://low.sinergel-new.com/iframer/"
"12781";"http://low.sinergel-new.com/iframer2/"
"13319";"http://a.low.sinergel-new.com/"
"16108";"http://tour.low.sinergel-new.com/"
"12789";"http://free.sinergel-new.com/"
"12790";"http://free.sinergel-new.com/iframer/"
"12791";"http://free.sinergel-new.com/iframer2/"
"12792";"http://m.free.sinergel-new.com/"
"13073";"http://a.free.sinergel-new.com/"
"13127";"http://b.free.sinergel-new.com/"
"13320";"http://c.free.sinergel-new.com/"
"13341";"http://d.free.sinergel-new.com/"
"13392";"http://e.free.sinergel-new.com/"
"13440";"http://f.free.sinergel-new.com/"
"13441";"http://g.free.sinergel-new.com/"
"13581";"http://h.free.sinergel-new.com/"
"13582";"http://j.free.sinergel-new.com/"
"13835";"http://k.free.sinergel-new.com/"
"13917";"http://l.free.sinergel-new.com/"
"14225";"http://o.free.sinergel-new.com/"
"14652";"http://p.free.sinergel-new.com/"
"14757";"http://t.free.sinergel-new.com/"
"14803";"http://y.free.sinergel-new.com/"
"15110";"http://z.free.sinergel-new.com/"
"15133";"http://x.free.sinergel-new.com/"
"15391";"http://s.free.sinergel-new.com/"
"16128";"http://tour.free.sinergel-new.com/"
"16198";"http://tour.a.free.sinergel-new.com/"
"12827";"http://sustaflex-new.com/"
"12828";"http://sustaflex-new.com/iframer/"
"12829";"http://sustaflex-new.com/iframer2/"
"12830";"http://powerketto-new.com/"
"12833";"http://hyperforte-new.com/"
"13029";"http://free.fruitalica.com/"
"13030";"http://free.fruitalica.com/iframer/"
"13031";"http://free.fruitalica.com/iframer2/"
"15253";"http://a.free.fruitalica.com/"
"15305";"http://b.free.fruitalica.com/"
"15323";"http://c.free.fruitalica.com/"
"15375";"http://d.free.fruitalica.com/"
"15383";"http://e.free.fruitalica.com/"
"15437";"http://f.free.fruitalica.com/"
"15501";"http://g.free.fruitalica.com/"
"16858";"http://h.free.fruitalica.com/"
"13116";"http://varicosecream-new.com/"
"13117";"http://varicosecream-new.com/iframer/"
"13118";"http://varicosecream-new.com/iframer2/"
"13119";"http://a.varicosecream-new.com/"
"14620";"http://b.varicosecream-new.com/"
"13258";"http://funfan-new.com/"
"13259";"http://funfan-new.com/iframer/"
"13260";"http://funfan-new.com/iframer2/"
"13391";"http://a.funfan-new.com/"
"13264";"http://th.money-amulet.org/"
"13265";"http://th.money-amulet.org/iframer/"
"13266";"http://th.money-amulet.org/iframer2/"
"14203";"http://vn4.money-amulet.org/"
"13292";"http://turboslim-new.com/"
"13293";"http://turboslim-new.com/iframer/"
"13294";"http://turboslim-new.com/iframer2/"
"16135";"http://a.turboslim-new.com/"
"13353";"http://tea.diatea-new.com/"
"13357";"http://parazol-new.com/"
"19620";"http://a.parazol-new.com/"
"19621";"http://b.parazol-new.com/"
"13304";"http://a.low.trezor-new.com/"
"13562";"http://f.low.trezor-new.com/"
"13563";"http://ff.low.trezor-new.com/"
"14668";"http://c.low.trezor-new.com/"
"14669";"http://d.low.trezor-new.com/"
"14871";"http://fff.low.trezor-new.com/"
"13330";"http://a.free.trezor-new.com/"
"13560";"http://f.free.trezor-new.com/"
"13561";"http://d.free.trezor-new.com/"
"13415";"http://free.micardin-new.com/"
"13465";"http://free.micardin-new.com/iframer2/"
"13466";"http://free.micardin-new.com/iframer/"
"13499";"http://a.free.micardin-new.com/"
"13505";"http://b.free.micardin-new.com/"
"13622";"http://c.free.micardin-new.com/"
"13764";"http://d.free.micardin-new.com/"
"14723";"http://e.free.micardin-new.com/"
"15132";"http://g.free.micardin-new.com/"
"15485";"http://f.free.micardin-new.com/"
"16857";"http://i.free.micardin-new.com/"
"16921";"http://h.free.micardin-new.com/"
"17494";"http://j.free.micardin-new.com/"
"17545";"http://k.free.micardin-new.com/"
"17942";"http://l.free.micardin-new.com/"
"13551";"http://cardionormin-new.com/"
"13552";"http://cardionormin-new.com/iframer/"
"13553";"http://cardionormin-new.com/iframer2/"
"13554";"http://a.cardionormin-new.com/"
"13555";"http://b.cardionormin-new.com/"
"13556";"http://c.cardionormin-new.com/"
"13557";"http://d.cardionormin-new.com/"
"13558";"http://e.cardionormin-new.com/"
"13559";"http://f.cardionormin-new.com/"
"13616";"http://a.kossalinn-new.com/"
"13620";"http://b.kossalinn-new.com/"
"13621";"http://c.kossalinn-new.com/"
"16202";"http://d.kossalinn-new.com/"
"16203";"http://e.kossalinn-new.com/"
"16204";"http://f.kossalinn-new.com/"
"16206";"http://g.kossalinn-new.com/"
"16411";"http://h.kossalinn-new.com/"
"13704";"http://free.dolgar-new.com/"
"13751";"http://free.dolgar-new.com/iframer/"
"13752";"http://free.dolgar-new.com/iframer2/"
"14444";"http://a.free.dolgar-new.com/"
"15386";"http://b.free.dolgar-new.com/"
"13810";"http://free.erovir-new.com/"
"13811";"http://free.erovir-new.com/iframer/"
"13812";"http://free.erovir-new.com/iframer2/"
"13813";"http://a.free.erovir-new.com/"
"13836";"http://free.ritme-new.com/"
"14267";"http://a.free.ritme-new.com/"
"14874";"http://b.free.ritme-new.com/"
"14875";"http://c.free.ritme-new.com/"
"14888";"http://d.free.ritme-new.com/"
"15205";"http://f.free.ritme-new.com/"
"13851";"http://fiz.dietica-new.com/"
"13852";"http://fiz.dietica-new.com/iframer/"
"13853";"http://fiz.dietica-new.com/iframer2/"
"13854";"http://a.fiz.dietica-new.com/"
"13948";"http://hydroserum-new.com/"
"13949";"http://hydroserum-new.com/iframer/"
"13950";"http://hydroserum-new.com/iframer2/"
"15571";"http://a.hydroserum-new.com/"
"18082";"http://b.hydroserum-new.com/"
"13964";"http://hialuronika-new.com/"
"13967";"http://a.hialuronika-new.com/"
"13968";"http://b.hialuronika-new.com/"
"14148";"http://canadianextract-new.com/"
"14149";"http://canadianextract-new.com/iframer/"
"14150";"http://canadianextract-new.com/iframer2/"
"14230";"http://free.sanatsin-new.com/"
"16143";"http://tour.free.sanatsin-new.com/"
"16825";"http://a.free.sanatsin-new.com/"
"16918";"http://b.free.sanatsin-new.com/"
"14322";"http://free.adenofrin-new.com/"
"14325";"http://a.free.adenofrin-new.com/"
"14473";"http://blacksnake-new.com/"
"14474";"http://blacksnake-new.com/iframer/"
"14475";"http://blacksnake-new.com/iframer2/"
"14568";"http://pot.free.adenofrin-new.com/iframer/"
"14569";"http://pot.free.adenofrin-new.com/iframer2/"
"14806";"http://a.pot.free.adenofrin-new.com/"
"14864";"https://pot.free.adenofrin-new.com/iframer3/"
"15290";"http://b.pot.free.adenofrin-new.com/"
"14587";"http://free.glikiron.com/"
"14616";"http://visucaps-new.com/"
"14617";"http://visucaps-new.com/iframer/"
"14618";"http://visucaps-new.com/iframer2/"
"14619";"http://a.visucaps-new.com/"
"14653";"http://cellarin-new.com/"
"14989";"http://a.cellarin-new.com/"
"15219";"http://b.cellarin-new.com/"
"14736";"http://zero.sustavitin.org/"
"14770";"http://flexacil-new.com/"
"14779";"http://lossless-new.com/"
"14922";"http://a.lossless-new.com/"
"14923";"http://b.lossless-new.com/"
"14787";"http://bioprost-new.com/iframer/"
"14788";"http://bioprost-new.com/iframer2/"
"14789";"http://bioprost-new.com/"
"16413";"http://a.bioprost-new.com/"
"18313";"http://b.bioprost-new.com/"
"14790";"http://cardiox-new.com/"
"15454";"http://b.cardiox-new.com/"
"15967";"http://c.cardiox-new.com/"
"16855";"https://cardiox-new.com/iframer/"
"16856";"https://cardiox-new.com/iframer2/"
"14844";"http://mikoherb-new.com/"
"17459";"http://a.mikoherb-new.com/"
"17656";"http://b.mikoherb-new.com/"
"17657";"http://c.mikoherb-new.com/"
"17980";"http://d.mikoherb-new.com"
"19078";"http://e.mikoherb-new.com/"
"14836";"http://low.suleimanpower-new.com/"
"14860";"http://lavite-new.com/"
"15217";"http://a.lavite-new.com/"
"16187";"http://b.lavite-new.com/"
"16189";"http://c.lavite-new.com/"
"17237";"http://d.lavite-new.com/"
"14873";"http://zero.varitox.com/"
"14877";"http://free.arterial-new.com/"
"14976";"http://exodermin-new.com/"
"14977";"http://exodermin-new.com/iframer/"
"14978";"http://exodermin-new.com/iframer2/"
"17091";"http://a.exodermin-new.com/"
"15018";"http://calmerol-new.com/"
"15983";"http://a.calmerol-new.com/"
"15984";"http://b.calmerol-new.com/"
"15055";"http://ketodiet-new.com/iframer/"
"15056";"http://ketodiet-new.com/iframer2/"
"15071";"http://ketodiet-new.com/"
"15072";"http://a.ketodiet-new.com/"
"16074";"http://b.ketodiet-new.com/"
"16075";"http://c.ketodiet-new.com/"
"16519";"http://d.ketodiet-new.com/"
"16521";"http://e.ketodiet-new.com/"
"17939";"http://f.ketodiet-new.com/"
"15316";"http://tab.visiol-new.com/"
"16851";"http://a.tab.visiol-new.com/"
"16852";"http://b.tab.visiol-new.com/"
"15325";"http://free.inc.urofort-new.com/iframer/"
"15326";"http://free.inc.urofort-new.com/iframer2/"
"15336";"http://apolloss-new.com/"
"17103";"http://a.apolloss-new.com/"
"19055";"http://b.apolloss-new.com/"
"19069";"http://c.apolloss-new.com"
"19180";"http://d.apolloss-new.com/"
"19183";"http://e.apolloss-new.com/"
"15339";"http://varix-new.com/"
"15344";"http://bjoint-new.com/"
"15345";"http://a.bjoint-new.com/"
"15385";"http://pot.bioprost-new.com/"
"16021";"http://a.pot.bioprost-new.com/"
"17357";"http://b.pot.bioprost-new.com/"
"15443";"http://free.niseslim-new.com/"
"19968";"http://a.free.niseslim-new.com/"
"15502";"http://diacard-new.com/"
"15486";"https://variquit-new.com/"
"15513";"http://sexup-new.com/"
"15515";"http://m.sexup-new.com/"
"15544";"http://eyelab-new.com/"
"15545";"http://a.eyelab-new.com/"
"15719";"http://b.eyelab-new.com/"
"18117";"http://c.eyelab-new.com/"
"15564";"http://revitaprost-new.com/"
"15605";"http://a.revitaprost-new.com/"
"15606";"http://b.revitaprost-new.com/"
"16195";"http://c.revitaprost-new.com/"
"17667";"http://d.revitaprost-new.com/"
"17767";"http://e.revitaprost-new.com/"
"15592";"http://pot.adenofrin-new.com/"
"15627";"http://free.lifecontrol-new.com/"
"15630";"http://a.free.lifecontrol-new.com/"
"19222";"http://b.free.lifecontrol-new.com/"
"19224";"http://c.free.lifecontrol-new.com/"
"15655";"http://enterofort-new.com/"
"15656";"http://a.enterofort-new.com/"
"16506";"http://b.enterofort-new.com/"
"16507";"http://c.enterofort-new.com/"
"16508";"http://d.enterofort-new.com/"
"16509";"http://e.enterofort-new.com/"
"16510";"http://f.enterofort-new.com/"
"15667";"http://fixinol-new.com/"
"15668";"http://a.fixinol-new.com/"
"15696";"http://free.artox-new.com/"
"15868";"http://a.free.artox-new.com/"
"15883";"http://b.free.artox-new.com/"
"19520";"http://c.free.artox-new.com/"
"15721";"http://free2.artinol-new.com/"
"18677";"http://a.free2.artinol-new.com/"
"15727";"http://vitahairduo-new.com/"
"15773";"http://a.vitahairduo-new.com/"
"16200";"http://b.vitahairduo-new.com/"
"15776";"http://hairex-new.com/"
"15777";"http://a.hairex-new.com/"
"15974";"http://b.hairex-new.com/"
"16629";"http://c.hairex-new.com/"
"16630";"http://d.hairex-new.com/"
"16632";"http://e.hairex-new.com/"
"16785";"http://f.hairex-new.com/"
"16786";"http://j.hairex-new.com/"
"17032";"http://g.hairex-new.com/"
"17033";"http://h.hairex-new.com/"
"17034";"http://i.hairex-new.com/"
"17035";"http://k.hairex-new.com/"
"17036";"http://l.hairex-new.com/"
"15825";"http://rasp.free.weexx-new.com/"
"15843";"http://a.rasp.free.weexx-new.com/"
"15872";"http://free.reliptic-new.com/"
"15873";"http://m.free.reliptic-new.com/"
"15861";"http://free.otorin-new.com/"
"18047";"http://a.free.otorin-new.com/"
"18062";"http://b.free.otorin-new.com/"
"18068";"http://c.free.otorin-new.com/"
"18071";"http://e.free.otorin-new.com/"
"18072";"http://f.free.otorin-new.com/"
"19776";"http://d.free.otorin-new.com/"
"19918";"http://g.free.otorin-new.com/"
"19925";"http://h.free.otorin-new.com/"
"19932";"http://k.free.otorin-new.com"
"15869";"http://free.brutalax-new.com/"
"15888";"http://a.free.brutalax-new.com/"
"15889";"http://hondrox-new.com/"
"15890";"http://a.hondrox-new.com/"
"15891";"http://b.hondrox-new.com/"
"15892";"http://c.hondrox-new.com/"
"17107";"http://d.hondrox-new.com"
"15933";"http://free.orsofit-new.com/"
"16129";"http://a.free.orsofit-new.com/"
"15998";"http://free.dardrakona.com/"
"16479";"http://a.free.dardrakona.com/"
"16002";"http://free.okucin-new.com/"
"16220";"http://a.free.okucin-new.com/"
"16336";"http://b.free.okucin-new.com/"
"16025";"http://free.rb.artroflex-new.com/"
"18527";"http://a.free.rb.artroflex-new.com/"
"19375";"http://b.free.rb.artroflex-new.com/"
"16048";"http://sisale-new.com/"
"16049";"http://a.sisale-new.com/"
"16118";"http://uropro-new.com/"
"18316";"http://a.uropro-new.com/"
"19298";"http://b.uropro-new.com/"
"19342";"http://c.uropro-new.com/"
"16166";"http://intenskin-new.com/"
"16167";"http://a.intenskin-new.com/"
"16270";"http://b.intenskin-new.com/"
"16272";"http://c.intenskin-new.com/"
"16273";"http://d.intenskin-new.com/"
"16185";"http://ultrahot-new.com/"
"16281";"http://a.ultrahot-new.com/"
"16295";"http://b.ultrahot-new.com/"
"16453";"http://c.ultrahot-new.com/"
"16761";"http://d.ultrahot-new.com/"
"16243";"http://diabeticforte-new.com/"
"16268";"http://oclarizin-new.com/"
"16269";"http://a.oclarizin-new.com/"
"17045";"http://b.oclarizin-new.com"
"16291";"http://noktal-new.com/"
"16292";"http://a.noktal-new.com/"
"16344";"http://b.noktal-new.com"
"16354";"http://c.noktal-new.com/"
"16355";"http://d.noktal-new.com/"
"16701";"http://e.noktal-new.com/"
"18270";"http://f.noktal-new.com"
"19443";"http://g.noktal-new.com/"
"19897";"http://k.noktal-new.com"
"19899";"http://h.noktal-new.com"
"16263";"http://pot.uromidol-new.com/iframer/"
"16700";"http://pot.uromidol-new.com/"
"16274";"http://hondrostart-new.com/"
"16275";"http://a.hondrostart-new.com/"
"17234";"http://b.hondrostart-new.com/"
"17263";"http://c.hondrostart-new.com/"
"17351";"http://d.hondrostart-new.com/"
"17354";"http://e.hondrostart-new.com/"
"17372";"http://f.hondrostart-new.com/"
"17389";"http://j.hondrostart-new.com/"
"17406";"http://i.hondrostart-new.com/"
"17683";"http://k.hondrostart-new.com/"
"17684";"http://l.hondrostart-new.com/"
"16437";"http://free.eretis-new.com/"
"16441";"http://ketoplus-new.com/"
"16884";"http://a.ketoplus-new.com/"
"16461";"http://free.visoplex-new.com/"
"18606";"http://a.free.visoplex-new.com/"
"18607";"http://b.free.visoplex-new.com/"
"16501";"http://imp.money-amulet.org/"
"16530";"http://cleopatra-new.com/"
"16544";"http://kaloriko-new.com/"
"17228";"http://a.kaloriko-new.com/"
"17497";"http://b.kaloriko-new.com/"
"16549";"http://ocellus-new.com/"
"16551";"http://ketoxide-new.com/"
"16552";"http://prostavar-new.com/"
"16565";"http://a.prostavar-new.com"
"19388";"http://b.prostavar-new.com/"
"19396";"http://c.prostavar-new.com/"
"19401";"http://d.prostavar-new.com/"
"19404";"http://e.prostavar-new.com/"
"20050";"http://f.prostavar-new.com"
"16554";"http://free.dermatizon-new.com/"
"16555";"http://a.free.dermatizon-new.com/"
"16595";"http://horsemen-new.com/"
"16596";"http://a.horsemen-new.com/"
"16891";"http://b.horsemen-new.com/"
"17043";"http://c.horsemen-new.com/"
"17551";"http://d.horsemen-new.com/"
"17560";"http://e.horsemen-new.com/"
"17589";"http://f.horsemen-new.com/"
"17785";"http://g.horsemen-new.com/"
"18291";"http://h.horsemen-new.com/"
"19065";"http://i.horsemen-new.com/"
"19154";"http://j.horsemen-new.com/"
"16615";"http://fungozdrav-new.com/"
"16706";"http://a.fungozdrav-new.com/"
"16642";"http://aurifix-new.com/"
"18477";"http://a.aurifix-new.com/"
"16683";"http://free.falumax-new.com/"
"16645";"http://free2.powerketo-new.com/"
"16647";"http://a.free2.powerketo-new.com/"
"16725";"http://a.acumagnets-new.com/"
"16726";"http://b.acumagnets-new.com/"
"16727";"http://acumagnets-new.com/"
"16783";"http://greenbean-new.com/"
"16720";"http://deepinhale-new.com/"
"16960";"http://a.deepinhale-new.com"
"16741";"http://val.free.artox-new.com/"
"16762";"http://a.val.free.artox-new.com/"
"16763";"http://m.val.free.artox-new.com/"
"16769";"http://b.val.free.artox-new.com/"
"16770";"http://c.val.free.artox-new.com/"
"16753";"http://gelarex-new.com/"
"16959";"http://a.gelarex-new.com/"
"18563";"http://b.gelarex-new.com/"
"16804";"http://diason.org/"
"17230";"http://a.diason.org/"
"17233";"http://b.diason.org/"
"17236";"http://c.diason.org/"
"17721";"http://d.diason.org/"
"17724";"http://e.diason.org/"
"16819";"http://low.optitrin-new.com/"
"16853";"http://low.dialux.pro/"
"17012";"http://a.low.dialux.pro/"
"19531";"http://b.low.dialux.pro/"
"19539";"http://d.low.dialux.pro/"
"19573";"http://c.low.dialux.pro/"
"16841";"http://low.bionnic-new.com/iframer/"
"16867";"http://low.bionnic-new.com/"
"16864";"http://free.daoshen-new.com/"
"17168";"http://a.free.daoshen-new.com/"
"16875";"http://low.daoshen-new.com/"
"17169";"http://a.low.daoshen-new.com/"
"17852";"http://low.daoshen-new.com/iframer/"
"16876";"http://hear.free.micelix-new.com/"
"17240";"http://a.hiperson-new.com/"
"17255";"http://b.hiperson-new.com/"
"17358";"http://c.hiperson-new.com/"
"16905";"http://genesis-new.com/"
"16914";"http://free.klinistils-new.com/"
"16915";"http://a.free.klinistils-new.com/"
"16913";"http://free.optivisionn-new.com/"
"16922";"http://low.kodeksol-new.com/"
"16923";"http://a.low.kodeksol-new.com/"
"16977";"http://hear.low.micelix-new.com/"
"16925";"http://low.slimagicaps-new.com/"
"16926";"http://low.slimagicaps-new.com/iframer/"
"18757";"http://a.low.slimagicaps-new.com/"
"17040";"http://a.diabetrin-new.com/"
"17042";"http://b.diabetrin-new.com/"
"17106";"http://optivisiol-new.com/"
"17145";"http://a.optivisiol-new.com/"
"17093";"http://tensiocare-new.com/"
"17155";"http://a.tensiocare-new.com/"
"16979";"http://low.personalslim-new.com/"
"16980";"http://a.low.personalslim-new.com/"
"16982";"http://low.varannga-new.com/"
"16983";"http://m.low.varannga-new.com/"
"17174";"http://low.varannga-new.com/iframer/"
"18786";"http://a.low.varannga-new.com/"
"18794";"http://b.low.varannga-new.com"
"19747";"http://c.low.varannga-new.com/"
"17105";"http://gemortin-new.com/"
"16987";"http://low.micardin-new.com/"
"19796";"http://a.low.micardin-new.com/"
"17000";"http://free.okoforte-new.com/"
"18353";"http://a.free.okoforte-new.com/"
"18668";"http://b.free.okoforte-new.com/"
"18669";"http://c.free.okoforte-new.com/"
"17028";"http://brasillianspider-new.com/"
"17029";"http://a.brasillianspider-new.com/"
"17030";"http://b.brasillianspider-new.com/"
"17031";"http://c.brasillianspider-new.com/"
"17060";"http://low.smokinglock-new.com/"
"17090";"http://kollagenintensive-new.com/"
"19252";"http://a.kollagenintensive-new.com/"
"17083";"http://wrinkless-new.com/"
"17215";"http://a.wrinkless-new.com/"
"17290";"http://b.wrinkless-new.com/"
"17686";"http://c.wrinkless-new.com"
"18683";"http://d.wrinkless-new.com"
"18731";"http://e.wrinkless-new.com"
"18976";"http://f.wrinkless-new.com"
"17096";"http://np.diason.org/iframer/"
"17097";"http://np.diason.org/"
"17133";"http://a.pot.uromexilforte-new.com/"
"17159";"http://pot.uromexilforte-new.com/"
"17160";"http://b.pot.uromexilforte-new.com/"
"17164";"http://c.pot.uromexilforte-new.com/"
"17165";"http://d.pot.uromexilforte-new.com/"
"18261";"http://e.pot.uromexilforte-new.com/"
"18306";"http://f.pot.uromexilforte-new.com/"
"18308";"http://g.pot.uromexilforte-new.com/"
"18469";"http://h.pot.uromexilforte-new.com/"
"18852";"http://k.pot.uromexilforte-new.com"
"18947";"http://l.pot.uromexilforte-new.com"
"19027";"http://i.pot.uromexilforte-new.com/"
"17138";"http://low.gelmifort.pro/"
"17147";"http://free.insulax-new.com/"
"17141";"http://delislim-new.com/"
"17418";"http://a.delislim-new.com/"
"17142";"http://low.visucaps-new.com/"
"18470";"http://a.low.visucaps-new.com/"
"18472";"http://b.low.visucaps-new.com/"
"17177";"http://low.powerketo-new.com/iframer/"
"17193";"http://low.powerketo-new.com/"
"17151";"http://low.imp.money-amulet.org/iframer/"
"17148";"http://low2.nina.money-amulet.org/iframer/"
"17185";"http://low.brutalax-new.com/"
"17226";"http://low.brutalax-new.com/iframer/"
"17590";"http://ocaps-new.com/"
"17616";"http://a.ocaps-new.com/"
"17658";"http://b.ocaps-new.com"
"17816";"http://c.ocaps-new.com"
"17843";"http://d.ocaps-new.com/"
"18159";"http://e.ocaps-new.com"
"18169";"http://f.ocaps-new.com"
"18174";"http://g.ocaps-new.com/"
"18184";"http://h.ocaps-new.com/"
"18289";"http://i.ocaps-new.com/"
"18349";"http://j.ocaps-new.com/"
"18566";"http://k.ocaps-new.com"
"18680";"http://l.ocaps-new.com"
"18684";"http://n.ocaps-new.com/"
"18686";"http://o.ocaps-new.com"
"18687";"http://p.ocaps-new.com"
"18891";"http://s.ocaps-new.com/"
"18995";"http://t.ocaps-new.com"
"19057";"http://u.ocaps-new.com"
"19190";"http://q.ocaps-new.com/"
"19191";"http://r.ocaps-new.com/"
"19192";"http://v.ocaps-new.com"
"19502";"http://w.ocaps-new.com/"
"17190";"http://free.imp.money-amulet.org/iframer/"
"17238";"http://free.smokinglock-new.com/"
"17250";"http://otorin-new.com/"
"17653";"http://a.otorin-new.com"
"17654";"http://b.otorin-new.com"
"17655";"http://c.otorin-new.com"
"17727";"http://d.otorin-new.com"
"17728";"http://e.otorin-new.com/"
"17729";"http://f.otorin-new.com/"
"17730";"http://g.otorin-new.com/"
"17283";"http://low.dashdiet-new.com/"
"17282";"http://gel.afromen-new.com/"
"17403";"http://a.gel.afromen-new.com/"
"17404";"http://b.gel.afromen-new.com/"
"19824";"http://c.gel.afromen-new.com/"
"17393";"http://diadrops-new.com/"
"17839";"http://a.diadrops-new.com/"
"17990";"http://b.diadrops-new.com/"
"18290";"http://c.diadrops-new.com/"
"18317";"http://d.diadrops-new.com/"
"18319";"http://e.diadrops-new.com"
"18352";"http://f.diadrops-new.com"
"18359";"http://g.diadrops-new.com/"
"18388";"http://h.diadrops-new.com/"
"18657";"http://i.diadrops-new.com/"
"18658";"http://j.diadrops-new.com/"
"18965";"http://k.diadrops-new.com/"
"19037";"http://l.diadrops-new.com"
"19039";"http://m.diadrops-new.com"
"19040";"http://t.diadrops-new.com/"
"19047";"http://o.diadrops-new.com/"
"19053";"http://n.diadrops-new.com/"
"19058";"http://p.diadrops-new.com"
"19710";"http://q.diadrops-new.com/"
"17411";"http://hypercaps-new.com/"
"19592";"http://a.hypercaps-new.com/"
"19611";"http://b.hypercaps-new.com"
"19612";"http://c.hypercaps-new.com"
"19618";"http://d.hypercaps-new.com/"
"19642";"http://e.hypercaps-new.com/"
"19746";"http://f.hypercaps-new.com/"
"17279";"http://hyperdrops-new.com/"
"17305";"http://free2.optivistin-new.com/"
"17321";"http://testoy-new.com/"
"17615";"http://a.testoy-new.com/"
"17854";"http://b.testoy-new.com/"
"18277";"http://c.testoy-new.com/"
"19325";"http://d.testoy-new.com"
"19438";"http://e.testoy-new.com/"
"19485";"http://f.testoy-new.com/"
"19653";"http://g.testoy-new.com"
"19665";"http://h.testoy-new.com"
"19674";"http://i.testoy-new.com"
"19676";"http://j.testoy-new.com/"
"19678";"http://k.testoy-new.com"
"19786";"http://l.testoy-new.com"
"19817";"http://n.testoy-new.com/"
"19825";"http://m.testoy-new.com"
"19827";"http://o.testoy-new.com/"
"17352";"http://tea.brutalax-new.com/"
"17348";"http://zeaxan-new.com/"
"18138";"http://a.zeaxan-new.com/"
"18146";"http://b.zeaxan-new.com/"
"18147";"http://c.zeaxan-new.com/"
"18177";"http://d.zeaxan-new.com/"
"18178";"http://e.zeaxan-new.com/"
"18776";"http://f.zeaxan-new.com/"
"17346";"http://pulmis-new.com/iframer/"
"17347";"http://pulmis-new.com/"
"17356";"http://a.pulmis-new.com/"
"17605";"http://b.pulmis-new.com"
"19383";"http://c.pulmis-new.com/"
"17360";"http://gtea-new.com/iframer/"
"17431";"http://full.recardio-new.com/iframer/"
"17449";"http://slenderquick-new.com/"
"17450";"http://a.slenderquick-new.com/"
"17734";"http://slenderquick-new.com/iframer2/"
"17441";"http://htea-new.com/iframer/"
"17442";"http://dtea-new.com/iframer/"
"19582";"http://a.dtea-new.com/"
"17451";"http://low.chudofrukt.com/"
"17733";"http://low.chudofrukt.com/iframer2/"
"17452";"http://free.chudofrukt.com/"
"17464";"http://insinol-new.com/iframer/"
"17638";"http://insinol-new.com/"
"17806";"http://a.insinol-new.com/"
"17467";"http://chondrodoll-new.com/iframer/"
"17490";"http://chondrodoll-new.com"
"17491";"http://a.chondrodoll-new.com"
"17492";"http://b.chondrodoll-new.com"
"17493";"http://c.chondrodoll-new.com"
"17506";"http://d.chondrodoll-new.com/"
"17699";"http://e.chondrodoll-new.com/"
"17513";"http://psoridin-new.com/"
"19205";"http://a.psoridin-new.com/"
"17486";"http://free.kodeksol-new.com/iframer/"
"17521";"http://savina-new.com/"
"17535";"http://low.uromidol-new.com/"
"19526";"http://a.low.uromidol-new.com/"
"19587";"http://b.low.uromidol-new.com/"
"17527";"http://low.pot.uromidol-new.com/"
"17574";"http://low.starslim-new.com/"
"17743";"http://prostovit-new.com/"
"18802";"http://a.prostovit-new.com/"
"18803";"http://b.prostovit-new.com/"
"18804";"http://c.prostovit-new.com/"
"18805";"http://d.prostovit-new.com/"
"17680";"http://low.pirantox.com/"
"18010";"http://low.pirantox.com/iframer2/"
"18075";"http://low.pirantox.com/iframer3/"
"17681";"http://free.pirantox.com/"
"17753";"http://vichen-new.com/"
"17714";"http://viagron-new.com/"
"17717";"http://low.insuspark-new.com/"
"17873";"http://a.low.insuspark-new.com"
"17858";"https://low.activeprost-new.com/"
"17841";"http://free.activeprost-new.com/"
"17723";"http://low.cardicin.com/"
"18259";"http://low.cardicin.com/iframer/"
"17722";"http://free.cardicin.com/"
"17757";"http://welltone-new.com/"
"18823";"http://a.welltone-new.com/"
"18067";"http://a.exolocin-new.com/"
"18368";"http://b.exolocin-new.com"
"18482";"http://c.exolocin-new.com"
"19393";"http://d.exolocin-new.com/"
"19518";"http://e.exolocin-new.com/"
"19590";"http://f.exolocin-new.com/"
"19597";"http://g.exolocin-new.com/"
"19667";"http://h.exolocin-new.com/"
"19891";"http://k.exolocin-new.com/"
"19893";"http://i.exolocin-new.com/"
"17826";"http://low.hiperson-new.com/"
"17896";"http://a.low.hiperson-new.com"
"18755";"http://b.low.hiperson-new.com/"
"18756";"http://c.low.hiperson-new.com"
"19616";"http://d.low.hiperson-new.com/"
"19617";"http://f.low.hiperson-new.com/"
"19619";"http://e.low.hiperson-new.com/"
"19627";"http://g.low.hiperson-new.com/"
"19666";"http://h.low.hiperson-new.com/"
"19997";"http://i.low.hiperson-new.com/"
"17842";"http://nicozero-new.com/"
"18115";"http://a.nicozero-new.com/"
"17850";"http://rasp2.low.weexx-new.com/"
"17862";"http://tchrome-new.com/"
"17863";"http://a.tchrome-new.com/"
"17864";"http://solli-new.com/"
"17898";"http://low.khvoynica.com/"
"17899";"http://free.khvoynica.com/"
"17927";"http://luxerin-new.com/"
"17929";"http://wiberry-new.com/"
"18042";"http://low.trezax-new.com/"
"19173";"http://low.trezax-new.com/iframer/"
"18043";"http://free.trezax-new.com/"
"18063";"https://chainreactionpro-apps-ru.byholeho.com"
"18064";"https://quantumsystem21-rf.byholeho.com"
"18200";"http://ultraven-new.com/iframer/"
"18238";"http://low.sustalit-new.com/"
"18239";"http://free.sustalit-new.com/"
"18246";"http://low.tvflathd-new.com/"
"18443";"http://a.low.tvflathd-new.com/"
"18454";"http://b.low.tvflathd-new.com"
"18456";"http://c.low.tvflathd-new.com/"
"18458";"http://d.low.tvflathd-new.com/"
"18459";"http://e.low.tvflathd-new.com"
"18245";"http://free.alldent-new.com/"
"18620";"http://a.free.alldent-new.com/"
"18256";"http://low.alldent-new.com/"
"19800";"http://quantumsystem-new.com/"
"18321";"http://low.insulight-new.com/"
"18322";"http://free.insulight-new.com/"
"18533";"http://low.otivin.com/"
"18532";"http://free.otivin.com/"
"18550";"http://cleartv-premium.com/"
"18551";"http://a.cleartv-premium.com/"
"18572";"http://free.kremnevesty-new.com/"
"18602";"http://free.tundra-new.com/"
"18603";"http://a.free.tundra-new.com/"
"18604";"http://free.urolab-new.com/"
"18605";"http://a.free.urolab-new.com/"
"18810";"http://lat.cardioxil-new.com/"
"18811";"http://a.lat.cardioxil-new.com/"
"18713";"http://free.psoral-new.com/"
"19019";"http://free.uriprol-new.com/iframer/"
"19171";"http://free.uriprol-new.com/"
"19179";"http://a.free.uriprol-new.com/"
"19204";"http://b.free.uriprol-new.com/"
"19278";"http://c.free.uriprol-new.com/"
"19020";"http://free.venaflex-new.com/iframer/"
"19165";"http://a.free.venaflex-new.com"
"19166";"http://free.venaflex-new.com"
"19168";"http://b.free.venaflex-new.com/"
"19207";"http://c.free.venaflex-new.com"
"19215";"http://d.free.venaflex-new.com/"
"19044";"http://free.vetonus.com/"
"19089";"http://free.okospas.com/"
"19118";"http://low3.tvflathd-new.com/"
"19266";"http://free.t34-new.com/"
"19251";"http://din.micardin-new.com/"
"19317";"http://din.micardin-new.com/iframer/"
"19374";"https://awevik.com/cl/94002d82dfca37bf"
"19380";"http://free.collagenthreads-new.com/iframer/"
"19466";"https://mdi1ncbppwtx03w.globalchangey.com"
"19487";"http://low.allicyl.com/"
"19488";"http://free.allicyl.com/"
"19557";"http://din.cardicin.com/iframer/"
"19561";"http://free2.khvoynica.com/iframer/"
"19566";"http://free.money-amulet.org/"
"19639";"https://info.chipleads.online/136/gazrusiquiz/"
"19744";"http://free.redufit-new.com/"
"19757";"http://free.erostrong-new.com/"
"19847";"http://din.glikiron.com/iframer/"
"19849";"http://din.sustalit-new.com/iframer/"
"19851";"http://din.okospas.com/iframer/"
"19862";"http://free.pod.micelix-new.com/iframer/"
"19999";"http://thyroid.free.micelix-new.com/iframer/"
